,Sex,Length,Diameter,Height,Whole_weight,Shucked_weight,Viscera_weight,Shell_weight,Rings
0,F,0.525,0.43,0.125,0.813,0.3315,0.166,0.1775,12
1,M,0.625,0.495,0.18,1.0815,0.4715,0.254,0.3135,10
2,F,0.505,0.39,0.115,0.66,0.3045,0.1555,0.175,8
3,I,0.415,0.31,0.105,0.3595,0.16699999999999998,0.083,0.0915,6
4,M,0.53,0.41,0.14,0.6809999999999999,0.3095,0.1415,0.1835,6
5,F,0.5,0.385,0.105,0.498,0.1795,0.1095,0.17,17
6,I,0.54,0.39,0.125,0.6255,0.2525,0.158,0.19,8
7,M,0.765,0.6,0.22,2.302,1.0070000000000001,0.509,0.6205,12
8,M,0.55,0.42,0.16,1.3405,0.6325,0.311,0.344,10
9,M,0.615,0.47,0.155,1.2,0.5085,0.32,0.292,8
10,F,0.655,0.52,0.19,1.4545,0.6,0.3865,0.38299999999999995,10
11,M,0.565,0.44,0.185,0.909,0.344,0.2325,0.255,15
12,I,0.575,0.44,0.125,0.8515,0.4555,0.1715,0.1965,9
13,M,0.515,0.4,0.14,0.6335,0.28800000000000003,0.145,0.168,9
14,I,0.475,0.42,0.16,0.7095,0.35,0.1505,0.1845,8
15,F,0.58,0.45,0.155,0.93,0.385,0.24600000000000002,0.265,9
16,F,0.61,0.46,0.145,1.1185,0.478,0.2945,0.2985,10
17,M,0.475,0.355,0.12,0.48,0.23399999999999999,0.1015,0.135,8
18,I,0.565,0.44,0.175,0.8735,0.414,0.21,0.21,11
19,I,0.375,0.29,0.095,0.2875,0.12300000000000001,0.0605,0.08,6
20,I,0.35,0.26,0.095,0.21100000000000002,0.086,0.055999999999999994,0.068,7
21,M,0.7,0.535,0.16,1.7255,0.63,0.2635,0.54,19
22,F,0.575,0.46,0.145,0.9945,0.466,0.22899999999999998,0.265,7
23,M,0.68,0.52,0.195,1.4535,0.5920000000000001,0.391,0.4125,10
24,M,0.53,0.425,0.13,0.7020000000000001,0.2975,0.1395,0.22,9
25,M,0.505,0.395,0.125,0.635,0.29,0.1555,0.175,9
26,I,0.32,0.235,0.08,0.1485,0.064,0.031,0.045,6
27,I,0.49,0.39,0.12,0.511,0.2205,0.10300000000000001,0.1745,9
28,F,0.525,0.41,0.135,0.7905,0.4065,0.198,0.177,8
29,I,0.44,0.325,0.1,0.4165,0.185,0.0865,0.11,6
30,F,0.415,0.305,0.105,0.3605,0.12,0.08199999999999999,0.1,10
31,I,0.37,0.28,0.095,0.2655,0.122,0.052000000000000005,0.08,7
32,I,0.475,0.365,0.115,0.45899999999999996,0.2175,0.09300000000000001,0.1165,7
33,F,0.66,0.5,0.165,1.1905,0.4585,0.298,0.37,12
34,M,0.68,0.53,0.205,1.496,0.5825,0.337,0.465,14
35,M,0.65,0.52,0.195,1.676,0.693,0.44,0.47,15
36,F,0.61,0.49,0.17,1.137,0.4605,0.2825,0.344,12
37,F,0.64,0.485,0.185,1.4195,0.6735,0.3465,0.3255,11
38,I,0.36,0.26,0.09,0.1785,0.0645,0.037000000000000005,0.075,7
39,F,0.67,0.525,0.195,1.37,0.6065,0.2955,0.40700000000000003,12
40,I,0.23,0.175,0.065,0.0645,0.026000000000000002,0.0105,0.02,5
41,M,0.77,0.605,0.175,2.0505,0.8005,0.526,0.355,11
42,I,0.43,0.33,0.1,0.449,0.254,0.0825,0.09699999999999999,6
43,F,0.65,0.5,0.165,1.1445,0.485,0.218,0.365,12
44,I,0.44,0.34,0.125,0.4895,0.1735,0.0875,0.2,13
45,M,0.58,0.44,0.15,1.0465,0.518,0.2185,0.2795,10
46,I,0.56,0.425,0.14,0.9175,0.4005,0.1975,0.26,10
47,M,0.65,0.485,0.14,1.175,0.475,0.2435,0.215,8
48,F,0.555,0.44,0.145,0.8815,0.43,0.1975,0.2155,8
49,M,0.69,0.54,0.185,1.6195,0.5329999999999999,0.353,0.555,24
50,F,0.6,0.505,0.19,1.129,0.4385,0.256,0.36,13
51,M,0.475,0.37,0.125,0.537,0.222,0.1215,0.15,9
52,I,0.45,0.33,0.105,0.44799999999999995,0.20800000000000002,0.08900000000000001,0.12,9
53,F,0.58,0.475,0.165,1.0385,0.414,0.26,0.305,13
54,M,0.625,0.495,0.155,1.177,0.5055,0.278,0.345,9
55,I,0.62,0.485,0.17,1.208,0.4805,0.3045,0.33,15
56,I,0.37,0.275,0.1,0.2815,0.1505,0.0505,0.068,5
57,M,0.525,0.43,0.165,0.8645,0.376,0.1945,0.2515,16
58,M,0.66,0.535,0.19,1.5905,0.6425,0.297,0.5175,9
59,I,0.21,0.15,0.055,0.0455,0.02,0.0065,0.013000000000000001,4
60,I,0.485,0.375,0.13,0.5535,0.266,0.11199999999999999,0.157,8
61,M,0.655,0.52,0.17,1.1445,0.53,0.223,0.348,9
62,I,0.55,0.405,0.15,0.6755,0.3015,0.1465,0.21,10
63,F,0.58,0.46,0.15,0.9955,0.429,0.212,0.26,19
64,M,0.52,0.385,0.165,0.7909999999999999,0.375,0.18,0.1815,10
65,F,0.605,0.47,0.155,0.9740000000000001,0.39299999999999996,0.22399999999999998,0.3345,9
66,I,0.39,0.31,0.085,0.344,0.18100000000000002,0.0695,0.079,7
67,F,0.665,0.51,0.175,1.3805,0.675,0.2985,0.325,10
68,F,0.61,0.45,0.16,1.136,0.414,0.311,0.3,9
69,M,0.515,0.4,0.16,0.8175,0.2515,0.156,0.3,23
70,M,0.555,0.435,0.14,0.7495,0.341,0.1645,0.214,8
71,F,0.45,0.35,0.135,0.56,0.231,0.13699999999999998,0.145,13
72,F,0.61,0.485,0.15,1.2405,0.6025,0.2915,0.3085,12
73,F,0.505,0.4,0.125,0.583,0.24600000000000002,0.13,0.175,7
74,I,0.57,0.42,0.13,0.7745,0.3535,0.1505,0.2365,9
75,I,0.205,0.15,0.055,0.042,0.0255,0.015,0.012,5
76,I,0.435,0.345,0.115,0.418,0.222,0.0735,0.106,7
77,I,0.525,0.415,0.12,0.596,0.2805,0.12,0.1695,9
78,M,0.66,0.53,0.175,1.5830000000000002,0.7395,0.3505,0.405,10
79,F,0.6,0.455,0.145,0.8895,0.419,0.1715,0.26899999999999996,10
80,M,0.635,0.5,0.17,1.4345,0.611,0.309,0.418,12
81,I,0.62,0.49,0.16,1.0659999999999998,0.446,0.24600000000000002,0.305,11
82,M,0.48,0.375,0.145,0.777,0.21600000000000003,0.13,0.17,9
83,I,0.54,0.42,0.14,0.74,0.3595,0.159,0.1985,8
84,M,0.575,0.455,0.165,0.867,0.3765,0.1805,0.268,8
85,F,0.645,0.55,0.175,1.2915,0.57,0.3045,0.33,14
86,M,0.46,0.38,0.135,0.48200000000000004,0.207,0.1225,0.145,10
87,I,0.445,0.355,0.095,0.3615,0.1415,0.0785,0.12,8
88,I,0.345,0.275,0.095,0.1995,0.0755,0.0535,0.07,6
89,M,0.59,0.47,0.18,1.1235,0.4205,0.2805,0.36,13
90,I,0.445,0.34,0.145,0.434,0.1945,0.0905,0.13,7
91,F,0.555,0.405,0.12,0.9129999999999999,0.4585,0.196,0.2065,9
92,M,0.615,0.47,0.16,1.0175,0.473,0.2395,0.28,10
93,M,0.65,0.525,0.205,1.4275,0.69,0.306,0.4355,13
94,F,0.55,0.47,0.15,0.897,0.377,0.184,0.29,9
95,M,0.63,0.515,0.155,1.2590000000000001,0.4105,0.19699999999999998,0.41,13
96,F,0.525,0.41,0.135,0.7085,0.293,0.1525,0.235,11
97,M,0.6,0.465,0.165,1.038,0.4975,0.2205,0.251,9
98,F,0.645,0.49,0.16,1.1440000000000001,0.5015,0.289,0.319,8
99,M,0.545,0.41,0.14,0.625,0.223,0.16,0.235,13
100,F,0.55,0.45,0.145,0.741,0.295,0.1435,0.2665,10
101,M,0.325,0.24,0.075,0.155,0.0475,0.0355,0.06,9
102,I,0.475,0.38,0.12,0.441,0.1785,0.0885,0.1505,8
103,M,0.555,0.4,0.13,0.7075,0.332,0.1585,0.18,7
104,M,0.485,0.37,0.155,0.968,0.419,0.2455,0.2365,9
105,F,0.49,0.38,0.13,0.539,0.22899999999999998,0.1355,0.165,12
106,I,0.3,0.23,0.08,0.1275,0.0435,0.0265,0.04,8
107,M,0.53,0.425,0.11,0.7390000000000001,0.237,0.161,0.295,13
108,I,0.665,0.5,0.17,1.2975,0.6035,0.29100000000000004,0.3595,9
109,M,0.58,0.43,0.13,0.7979999999999999,0.365,0.17300000000000001,0.2285,10
110,I,0.315,0.235,0.075,0.1485,0.0585,0.0375,0.0425,6
111,I,0.28,0.215,0.07,0.124,0.063,0.0215,0.03,6
112,M,0.665,0.525,0.175,1.443,0.6635,0.3845,0.353,11
113,M,0.605,0.475,0.15,1.15,0.575,0.23199999999999998,0.297,10
114,F,0.41,0.325,0.105,0.3635,0.159,0.077,0.12,10
115,F,0.475,0.365,0.13,0.4805,0.1905,0.114,0.1475,12
116,F,0.625,0.5,0.175,1.273,0.564,0.302,0.374,9
117,F,0.62,0.51,0.175,1.1255,0.4985,0.22699999999999998,0.315,14
118,F,0.53,0.425,0.13,0.7585,0.325,0.19699999999999998,0.205,8
119,M,0.6,0.47,0.15,0.9279999999999999,0.4225,0.183,0.275,8
120,I,0.46,0.355,0.14,0.4935,0.21600000000000003,0.133,0.115,13
121,M,0.55,0.45,0.155,0.7895,0.34299999999999997,0.159,0.25,12
122,F,0.64,0.54,0.175,1.571,0.627,0.271,0.475,18
123,F,0.65,0.505,0.165,1.16,0.4785,0.27399999999999997,0.349,11
124,F,0.64,0.5,0.17,1.2645,0.565,0.3375,0.315,9
125,F,0.665,0.505,0.16,1.2915,0.631,0.2925,0.32,11
126,F,0.68,0.505,0.17,1.3435,0.657,0.297,0.355,12
127,I,0.485,0.38,0.125,0.5215,0.2215,0.11800000000000001,0.16,8
128,M,0.475,0.375,0.125,0.593,0.27699999999999997,0.115,0.18,10
129,F,0.58,0.46,0.18,1.0515,0.4095,0.2595,0.276,8
130,I,0.36,0.28,0.105,0.19899999999999998,0.0695,0.045,0.08,9
131,F,0.49,0.375,0.135,0.6125,0.2555,0.102,0.22,11
132,M,0.63,0.485,0.16,1.2429999999999999,0.623,0.275,0.3,10
133,M,0.67,0.51,0.18,1.68,0.9259999999999999,0.2975,0.3935,13
134,M,0.56,0.45,0.175,1.011,0.3835,0.2065,0.37,15
135,F,0.64,0.495,0.17,1.2265,0.49,0.377,0.2875,11
136,I,0.51,0.455,0.135,0.6855,0.2875,0.154,0.2035,9
137,M,0.695,0.525,0.175,1.742,0.696,0.389,0.505,12
138,F,0.705,0.55,0.17,1.219,0.6395,0.23600000000000002,0.301,9
139,F,0.505,0.38,0.135,0.6855,0.361,0.1565,0.161,9
140,M,0.525,0.405,0.135,0.7575,0.3305,0.21600000000000003,0.195,10
141,M,0.63,0.505,0.165,1.26,0.4525,0.2755,0.406,14
142,I,0.31,0.24,0.09,0.1455,0.0605,0.0315,0.045,7
143,I,0.43,0.315,0.095,0.37799999999999995,0.175,0.08,0.1045,8
144,F,0.53,0.415,0.15,0.7775,0.237,0.1415,0.33,20
145,F,0.645,0.51,0.155,1.129,0.5015,0.24,0.342,10
146,F,0.42,0.33,0.125,0.46299999999999997,0.18600000000000003,0.11,0.145,10
147,F,0.64,0.5,0.17,1.12,0.4955,0.2645,0.32,12
148,I,0.47,0.35,0.135,0.5670000000000001,0.2315,0.1465,0.1525,11
149,M,0.575,0.45,0.165,0.9655,0.498,0.19,0.23,8
150,M,0.695,0.57,0.23,1.885,0.8665,0.435,0.5,19
151,F,0.4,0.32,0.11,0.353,0.1405,0.0985,0.1,8
152,I,0.63,0.475,0.145,1.0605,0.5165,0.2195,0.28,10
153,M,0.495,0.395,0.135,0.6335,0.3035,0.1295,0.1495,8
154,I,0.275,0.205,0.065,0.10099999999999999,0.040999999999999995,0.021,0.034,5
155,M,0.45,0.35,0.1,0.3675,0.1465,0.1015,0.12,10
156,M,0.675,0.515,0.145,1.265,0.6025,0.299,0.325,10
157,M,0.515,0.385,0.13,0.623,0.2855,0.1285,0.175,10
158,M,0.53,0.425,0.155,0.7905,0.307,0.171,0.2595,9
159,M,0.6,0.47,0.16,1.194,0.5625,0.3045,0.2635,10
160,I,0.19,0.13,0.03,0.0295,0.0155,0.015,0.01,6
161,M,0.6,0.46,0.15,1.247,0.5335,0.2735,0.29,9
162,F,0.645,0.525,0.17,1.37,0.6135,0.28300000000000003,0.34,10
163,I,0.44,0.365,0.115,0.501,0.2435,0.084,0.1465,9
164,F,0.655,0.545,0.165,1.6225,0.6555,0.299,0.513,12
165,I,0.525,0.395,0.12,0.608,0.297,0.1395,0.1405,8
166,F,0.59,0.455,0.165,1.161,0.38,0.2455,0.28,12
167,F,0.61,0.495,0.165,1.0835,0.4525,0.273,0.317,9
168,M,0.665,0.52,0.175,1.3725,0.606,0.32,0.395,12
169,M,0.74,0.605,0.2,2.4925,1.1455,0.575,0.5235,13
170,F,0.585,0.45,0.125,0.8740000000000001,0.3545,0.2075,0.225,6
171,I,0.38,0.285,0.085,0.237,0.115,0.0405,0.07,6
172,M,0.675,0.525,0.16,1.2835,0.5720000000000001,0.2755,0.3545,13
173,F,0.575,0.46,0.15,0.927,0.33299999999999996,0.207,0.2985,9
174,M,0.65,0.525,0.185,1.4880000000000002,0.665,0.337,0.37799999999999995,11
175,F,0.485,0.38,0.15,0.605,0.2155,0.14,0.18,15
176,F,0.72,0.56,0.175,1.7265,0.637,0.3415,0.525,17
177,M,0.555,0.44,0.14,0.8705,0.40700000000000003,0.156,0.255,9
178,F,0.63,0.505,0.195,1.306,0.516,0.3305,0.375,9
179,F,0.52,0.405,0.14,0.8175,0.2795,0.183,0.26,17
180,M,0.525,0.405,0.12,0.7555,0.3755,0.1555,0.201,9
181,M,0.655,0.55,0.18,1.274,0.586,0.281,0.365,10
182,I,0.315,0.23,0.07,0.14400000000000002,0.053,0.0305,0.04,8
183,M,0.585,0.455,0.145,0.953,0.3945,0.2685,0.258,10
184,M,0.555,0.405,0.19,1.406,0.6115,0.342,0.389,10
185,M,0.535,0.405,0.175,1.2705,0.5479999999999999,0.3265,0.337,13
186,I,0.29,0.21,0.06,0.1045,0.0415,0.022000000000000002,0.035,5
187,I,0.555,0.45,0.175,0.738,0.304,0.1755,0.22,9
188,I,0.46,0.35,0.11,0.3945,0.1685,0.0865,0.125,9
189,M,0.575,0.47,0.165,0.853,0.292,0.179,0.35,16
190,M,0.58,0.445,0.135,0.8140000000000001,0.3775,0.1915,0.22,9
191,F,0.5,0.39,0.13,0.6355,0.2505,0.1635,0.195,15
192,M,0.64,0.495,0.165,1.307,0.6779999999999999,0.292,0.266,11
193,I,0.505,0.385,0.12,0.6005,0.239,0.142,0.185,7
194,M,0.31,0.245,0.095,0.15,0.0525,0.034,0.048,7
195,I,0.385,0.28,0.125,0.244,0.102,0.038,0.085,6
196,F,0.645,0.48,0.17,1.1345,0.528,0.254,0.305,10
197,I,0.43,0.35,0.105,0.366,0.1705,0.0855,0.11,6
198,M,0.57,0.44,0.155,1.1159999999999999,0.4775,0.2315,0.27,13
199,M,0.68,0.54,0.21,1.7885,0.8345,0.408,0.43700000000000006,13
200,M,0.35,0.265,0.09,0.2255,0.0995,0.0485,0.07,7
201,M,0.525,0.415,0.145,0.845,0.3525,0.1635,0.2875,8
202,M,0.56,0.42,0.195,0.8085,0.3025,0.1795,0.285,14
203,I,0.55,0.42,0.13,0.636,0.294,0.14400000000000002,0.1755,8
204,I,0.5,0.39,0.12,0.5955,0.2455,0.147,0.17300000000000001,8
205,M,0.63,0.485,0.145,1.062,0.5065,0.1785,0.3365,12
206,F,0.615,0.475,0.155,1.115,0.484,0.2115,0.355,10
207,I,0.505,0.38,0.12,0.594,0.2595,0.1435,0.18,7
208,F,0.65,0.525,0.19,1.385,0.8875,0.3095,0.405,11
209,I,0.375,0.28,0.08,0.226,0.105,0.047,0.065,6
210,F,0.47,0.36,0.145,0.537,0.1725,0.1375,0.195,15
211,I,0.415,0.325,0.1,0.385,0.16699999999999998,0.08,0.125,7
212,I,0.495,0.375,0.12,0.614,0.2855,0.1365,0.161,8
213,M,0.56,0.455,0.155,0.797,0.34,0.19,0.2425,11
214,M,0.38,0.27,0.095,0.21899999999999997,0.0835,0.0515,0.07,6
215,F,0.705,0.56,0.17,1.4575,0.607,0.318,0.44,11
216,I,0.515,0.42,0.135,0.711,0.337,0.14400000000000002,0.205,13
217,I,0.38,0.3,0.1,0.28600000000000003,0.1305,0.055999999999999994,0.09,7
218,I,0.315,0.24,0.07,0.13699999999999998,0.0545,0.0315,0.04,8
219,I,0.385,0.28,0.095,0.257,0.11900000000000001,0.059000000000000004,0.07,7
220,F,0.575,0.46,0.165,1.124,0.2985,0.1785,0.44,13
221,F,0.72,0.59,0.205,1.7495,0.7755,0.4225,0.48,11
222,M,0.645,0.5,0.195,1.401,0.6165,0.3515,0.3725,10
223,F,0.645,0.5,0.2,1.4285,0.639,0.305,0.36,11
224,F,0.61,0.48,0.175,1.0675,0.391,0.21600000000000003,0.42,15
225,F,0.51,0.385,0.135,0.632,0.282,0.145,0.17,8
226,I,0.615,0.475,0.13,0.8425,0.353,0.1915,0.251,8
227,M,0.775,0.57,0.22,2.032,0.735,0.4755,0.6585,17
228,F,0.625,0.49,0.11,1.136,0.5265,0.1915,0.2925,9
229,M,0.485,0.37,0.14,0.5725,0.204,0.1415,0.175,10
230,I,0.575,0.435,0.13,0.805,0.3155,0.2155,0.245,10
231,M,0.605,0.49,0.145,1.3,0.517,0.3285,0.31,14
232,M,0.7,0.545,0.215,1.9125,0.8825,0.4385,0.506,10
233,F,0.67,0.52,0.195,1.8065,0.758,0.3735,0.5055,11
234,I,0.435,0.34,0.11,0.3795,0.1495,0.085,0.12,8
235,F,0.66,0.52,0.2,1.676,0.6729999999999999,0.4805,0.45,17
236,F,0.63,0.5,0.185,1.383,0.54,0.3315,0.38,10
237,I,0.34,0.255,0.075,0.18,0.0745,0.04,0.0525,6
238,F,0.63,0.5,0.175,1.1105,0.467,0.268,0.32899999999999996,10
239,I,0.15,0.1,0.025,0.015,0.0045,0.004,0.005,2
240,I,0.445,0.36,0.11,0.4235,0.182,0.0765,0.14,9
241,M,0.6,0.48,0.09,1.05,0.457,0.2685,0.28,8
242,F,0.68,0.55,0.21,1.7445,0.5975,0.305,0.625,17
243,M,0.675,0.505,0.16,1.5319999999999998,0.74,0.35700000000000004,0.3815,11
244,I,0.585,0.46,0.145,0.8465,0.33899999999999997,0.16699999999999998,0.295,10
245,I,0.48,0.365,0.1,0.461,0.2205,0.0835,0.135,8
246,M,0.575,0.45,0.155,0.8859999999999999,0.3605,0.21100000000000002,0.2575,9
247,I,0.465,0.36,0.105,0.452,0.22,0.159,0.1035,9
248,F,0.47,0.35,0.145,0.5175,0.187,0.1235,0.18,11
249,F,0.57,0.495,0.16,1.0915,0.452,0.275,0.315,14
250,F,0.525,0.425,0.16,0.8355,0.3545,0.2135,0.245,9
251,M,0.47,0.365,0.135,0.522,0.2395,0.1525,0.145,10
252,M,0.595,0.47,0.175,0.991,0.382,0.2395,0.5,12
253,M,0.59,0.47,0.18,1.187,0.5985,0.22699999999999998,0.31,9
254,F,0.485,0.365,0.15,0.9145,0.4145,0.19899999999999998,0.273,7
255,I,0.515,0.42,0.15,0.6725,0.2555,0.1335,0.235,10
256,F,0.435,0.325,0.115,0.3915,0.154,0.094,0.12,7
257,M,0.605,0.455,0.16,1.1035,0.42100000000000004,0.3015,0.325,9
258,M,0.615,0.505,0.165,1.167,0.4895,0.2955,0.345,10
259,I,0.375,0.305,0.115,0.2715,0.092,0.07400000000000001,0.09,8
260,F,0.53,0.42,0.13,1.001,0.34,0.226,0.265,17
261,M,0.44,0.325,0.115,0.39,0.163,0.087,0.113,7
262,F,0.63,0.495,0.165,1.3075,0.599,0.284,0.315,11
263,M,0.62,0.46,0.16,0.9505,0.4915,0.2,0.228,9
264,I,0.37,0.275,0.1,0.2295,0.0885,0.0465,0.07,7
265,I,0.405,0.31,0.11,0.91,0.41600000000000004,0.2075,0.0995,8
266,I,0.355,0.27,0.1,0.21600000000000003,0.083,0.037000000000000005,0.075,10
267,I,0.55,0.445,0.145,0.7829999999999999,0.3045,0.157,0.265,11
268,F,0.5,0.405,0.15,0.5965,0.253,0.126,0.185,12
269,M,0.585,0.475,0.15,1.065,0.5315,0.19899999999999998,0.2885,10
270,M,0.535,0.41,0.135,0.862,0.2855,0.1525,0.32,14
271,M,0.725,0.55,0.2,1.51,0.8735,0.4265,0.5085,9
272,F,0.62,0.51,0.175,1.2705,0.5415,0.32299999999999995,0.3225,9
273,I,0.37,0.275,0.14,0.2215,0.09699999999999999,0.0455,0.0615,6
274,I,0.465,0.355,0.12,0.4975,0.2375,0.099,0.14,8
275,I,0.52,0.41,0.14,0.6990000000000001,0.3395,0.129,0.1945,10
276,F,0.62,0.5,0.175,1.107,0.4895,0.24,0.34299999999999997,11
277,I,0.585,0.46,0.14,0.7635,0.326,0.153,0.265,9
278,F,0.645,0.52,0.17,1.197,0.526,0.2925,0.317,11
279,I,0.46,0.345,0.12,0.4155,0.198,0.0885,0.107,7
280,I,0.61,0.465,0.125,0.9225,0.436,0.19,0.26,9
281,F,0.51,0.4,0.125,0.545,0.261,0.115,0.1385,6
282,M,0.62,0.5,0.2,1.2209999999999999,0.4605,0.263,0.43,12
283,F,0.53,0.455,0.165,0.9805,0.3155,0.2815,0.2965,11
284,M,0.47,0.375,0.12,0.5565,0.226,0.122,0.195,12
285,F,0.645,0.515,0.15,1.212,0.515,0.2055,0.385,10
286,M,0.6,0.47,0.16,1.012,0.441,0.2015,0.305,10
287,F,0.515,0.415,0.13,0.764,0.276,0.196,0.25,13
288,F,0.58,0.45,0.195,0.8265,0.4035,0.17300000000000001,0.225,9
289,M,0.62,0.47,0.145,1.0865,0.511,0.2715,0.2565,10
290,M,0.575,0.44,0.145,0.87,0.3945,0.2195,0.225,8
291,F,0.56,0.41,0.16,0.8215,0.342,0.184,0.253,9
292,I,0.405,0.3,0.105,0.304,0.1455,0.061,0.0805,6
293,F,0.555,0.42,0.11,0.9309999999999999,0.4445,0.171,0.225,8
294,I,0.45,0.335,0.105,0.447,0.2335,0.153,0.11900000000000001,7
295,M,0.665,0.525,0.155,1.3575,0.5325,0.3045,0.4485,10
296,F,0.41,0.32,0.115,0.387,0.165,0.1005,0.0985,11
297,M,0.51,0.395,0.145,0.6185,0.21600000000000003,0.1385,0.24,12
298,M,0.55,0.45,0.175,1.0985,0.3765,0.215,0.4,14
299,F,0.635,0.5,0.175,1.4769999999999999,0.684,0.3005,0.39,12
300,F,0.45,0.36,0.125,0.4995,0.2035,0.1,0.17,13
301,F,0.55,0.445,0.155,0.9905,0.544,0.17800000000000002,0.218,9
302,M,0.715,0.55,0.19,2.0045,1.0465,0.40700000000000003,0.5075,12
303,I,0.53,0.415,0.145,0.9440000000000001,0.3845,0.185,0.265,21
304,I,0.45,0.355,0.105,0.4445,0.19699999999999998,0.09300000000000001,0.1335,8
305,I,0.36,0.28,0.08,0.1755,0.081,0.0505,0.07,6
306,I,0.36,0.28,0.09,0.2255,0.0885,0.04,0.09,8
307,F,0.64,0.475,0.175,1.1545,0.4865,0.341,0.28800000000000003,9
308,M,0.36,0.295,0.13,0.2765,0.0895,0.057,0.1005,10
309,M,0.62,0.5,0.165,1.307,0.6355,0.2545,0.315,9
310,F,0.61,0.49,0.17,1.3475,0.7045,0.25,0.3045,11
311,I,0.325,0.225,0.075,0.139,0.0565,0.032,0.09,6
312,F,0.54,0.415,0.175,0.8975,0.275,0.24100000000000002,0.275,14
313,F,0.595,0.45,0.165,1.081,0.49,0.2525,0.27899999999999997,12
314,I,0.27,0.2,0.07,0.1,0.034,0.0245,0.035,5
315,I,0.495,0.37,0.125,0.4715,0.2075,0.091,0.15,8
316,I,0.375,0.28,0.1,0.2565,0.1165,0.0585,0.0725,12
317,M,0.35,0.265,0.09,0.19699999999999998,0.073,0.0365,0.077,7
318,M,0.445,0.37,0.125,0.515,0.2495,0.087,0.159,9
319,M,0.745,0.585,0.215,2.499,0.9265,0.47200000000000003,0.7,17
320,F,0.625,0.485,0.165,1.2255,0.5075,0.29600000000000004,0.36,10
321,M,0.62,0.46,0.17,1.127,0.535,0.2635,0.29600000000000004,7
322,M,0.52,0.4,0.105,0.872,0.4515,0.1615,0.1985,9
323,F,0.58,0.48,0.18,1.2495,0.4945,0.27,0.371,8
324,M,0.51,0.41,0.155,1.2825,0.569,0.29100000000000004,0.3795,9
325,M,0.42,0.325,0.115,0.2885,0.1,0.057,0.1135,15
326,I,0.31,0.235,0.09,0.127,0.048,0.031,0.04,6
327,M,0.4,0.305,0.13,0.2935,0.096,0.0675,0.105,9
328,F,0.56,0.42,0.18,1.6645,0.7755,0.35,0.4525,9
329,F,0.64,0.49,0.18,1.36,0.653,0.34700000000000003,0.305,9
330,M,0.55,0.415,0.175,1.042,0.3295,0.2325,0.2905,15
331,I,0.52,0.395,0.115,0.6445,0.3155,0.1245,0.18600000000000003,11
332,F,0.46,0.425,0.155,0.746,0.3005,0.152,0.24,8
333,I,0.24,0.185,0.06,0.0655,0.0295,0.0005,0.02,4
334,M,0.165,0.125,0.04,0.0245,0.0095,0.0045,0.008,4
335,M,0.605,0.475,0.16,1.6159999999999999,0.5495,0.332,0.34,18
336,M,0.58,0.47,0.165,1.041,0.54,0.166,0.27899999999999997,9
337,F,0.505,0.39,0.125,0.5445,0.24600000000000002,0.15,0.1405,7
338,M,0.41,0.3,0.1,0.301,0.124,0.069,0.09,9
339,I,0.425,0.325,0.11,0.317,0.135,0.048,0.09,8
340,F,0.475,0.36,0.125,0.447,0.1695,0.081,0.14,9
341,F,0.535,0.42,0.15,0.7365,0.2785,0.18600000000000003,0.215,14
342,F,0.615,0.5,0.165,1.1765,0.488,0.244,0.345,17
343,F,0.53,0.415,0.16,0.7829999999999999,0.2935,0.158,0.245,15
344,I,0.425,0.325,0.105,0.3975,0.1815,0.081,0.1175,7
345,I,0.33,0.225,0.075,0.187,0.0945,0.0395,0.0425,7
346,F,0.53,0.405,0.13,0.6355,0.2635,0.1565,0.185,9
347,F,0.605,0.455,0.145,0.862,0.33399999999999996,0.1985,0.3,9
348,M,0.66,0.53,0.17,1.3905,0.5905,0.212,0.45299999999999996,15
349,M,0.535,0.42,0.165,0.9195,0.3355,0.1985,0.26,16
350,M,0.565,0.435,0.185,1.032,0.354,0.2045,0.31,20
351,I,0.385,0.3,0.09,0.308,0.1525,0.055999999999999994,0.0835,8
352,M,0.475,0.36,0.12,0.578,0.2825,0.12,0.17,8
353,I,0.375,0.275,0.095,0.2465,0.11,0.0415,0.0775,6
354,M,0.765,0.585,0.18,2.398,1.128,0.512,0.5335,12
355,F,0.645,0.49,0.16,1.1665,0.4935,0.3155,0.299,9
356,M,0.29,0.23,0.075,0.1165,0.043,0.0255,0.04,7
357,F,0.45,0.325,0.135,0.43799999999999994,0.1805,0.1165,0.11,9
358,F,0.405,0.31,0.12,0.3095,0.138,0.057999999999999996,0.095,13
359,M,0.62,0.49,0.16,1.035,0.44,0.2525,0.285,11
360,I,0.575,0.45,0.135,0.807,0.3615,0.17600000000000002,0.254,10
361,I,0.395,0.29,0.095,0.304,0.127,0.084,0.077,6
362,I,0.42,0.31,0.095,0.27899999999999997,0.1255,0.051,0.08800000000000001,6
363,M,0.37,0.265,0.075,0.214,0.09,0.051,0.07,6
364,F,0.51,0.39,0.135,0.6335,0.231,0.179,0.2,9
365,F,0.505,0.39,0.175,0.6920000000000001,0.267,0.15,0.215,12
366,F,0.645,0.49,0.215,1.406,0.4265,0.2285,0.51,25
367,M,0.465,0.355,0.12,0.5315,0.2725,0.09699999999999999,0.1395,8
368,M,0.705,0.56,0.22,1.9809999999999999,0.8175,0.3085,0.76,14
369,M,0.335,0.255,0.075,0.1635,0.0615,0.0345,0.057,8
370,I,0.375,0.28,0.08,0.2345,0.1125,0.0455,0.067,6
371,I,0.45,0.35,0.13,0.547,0.245,0.1405,0.1405,8
372,M,0.595,0.46,0.14,0.852,0.4215,0.2255,0.22699999999999998,9
373,M,0.55,0.435,0.145,0.843,0.32799999999999996,0.1915,0.255,15
374,M,0.5,0.385,0.145,0.7615,0.24600000000000002,0.195,0.204,14
375,M,0.595,0.48,0.185,1.1785,0.526,0.2975,0.314,10
376,M,0.585,0.47,0.165,1.409,0.8,0.22899999999999998,0.295,10
377,I,0.42,0.3,0.105,0.316,0.1255,0.07,0.1035,7
378,I,0.52,0.38,0.125,0.5545,0.28800000000000003,0.1295,0.16699999999999998,8
379,I,0.365,0.26,0.115,0.218,0.0935,0.0445,0.07,9
380,F,0.55,0.425,0.125,0.9640000000000001,0.5475,0.159,0.215,8
381,F,0.45,0.36,0.125,0.5065,0.222,0.105,0.16,10
382,M,0.57,0.45,0.135,1.02,0.546,0.204,0.25,9
383,M,0.485,0.365,0.155,1.0290000000000001,0.4235,0.2285,0.313,8
384,F,0.435,0.325,0.11,0.4335,0.17800000000000002,0.0985,0.155,7
385,F,0.61,0.46,0.155,0.9570000000000001,0.4255,0.1975,0.265,8
386,F,0.535,0.405,0.145,0.6845,0.2725,0.171,0.205,10
387,F,0.6,0.465,0.15,1.1025,0.5455,0.262,0.25,8
388,M,0.55,0.425,0.155,0.9175,0.2775,0.243,0.335,13
389,F,0.625,0.475,0.13,0.8595,0.3195,0.1775,0.24,13
390,M,0.67,0.505,0.16,1.2585,0.6255,0.311,0.308,12
391,F,0.575,0.47,0.155,1.1159999999999999,0.509,0.23800000000000002,0.34,10
392,I,0.315,0.24,0.085,0.1715,0.071,0.0345,0.0535,7
393,F,0.59,0.44,0.14,1.0070000000000001,0.4775,0.2105,0.2925,9
394,F,0.57,0.455,0.165,1.0595,0.44,0.2195,0.285,14
395,M,0.315,0.25,0.09,0.203,0.0615,0.037000000000000005,0.0795,11
396,M,0.55,0.41,0.125,0.7605,0.2505,0.1635,0.195,14
397,F,0.475,0.375,0.14,0.501,0.192,0.1175,0.175,13
398,M,0.61,0.49,0.16,1.112,0.465,0.228,0.341,10
399,F,0.605,0.46,0.17,1.122,0.34700000000000003,0.3045,0.315,13
400,F,0.64,0.48,0.195,1.1435,0.4915,0.2345,0.353,9
401,I,0.375,0.26,0.08,0.2075,0.09,0.0415,0.07,6
402,F,0.68,0.56,0.195,1.6640000000000001,0.58,0.3855,0.545,11
403,M,0.6,0.48,0.155,1.014,0.451,0.1885,0.325,11
404,I,0.335,0.26,0.085,0.192,0.09699999999999999,0.03,0.054000000000000006,6
405,F,0.66,0.5,0.175,1.3275,0.556,0.2805,0.4085,9
406,I,0.65,0.515,0.16,1.1625,0.495,0.203,0.33,17
407,I,0.515,0.385,0.125,0.6115,0.3175,0.1265,0.15,8
408,M,0.58,0.465,0.16,1.0345,0.315,0.26,0.3635,12
409,F,0.605,0.455,0.145,0.9775,0.46799999999999997,0.1775,0.275,9
410,F,0.605,0.495,0.17,1.0915,0.4365,0.2715,0.335,13
411,M,0.37,0.285,0.1,0.228,0.0675,0.0675,0.081,10
412,I,0.49,0.375,0.125,0.5445,0.27899999999999997,0.115,0.13,8
413,F,0.475,0.38,0.145,0.57,0.16699999999999998,0.11800000000000001,0.187,11
414,M,0.425,0.33,0.08,0.361,0.134,0.0825,0.125,7
415,F,0.635,0.525,0.18,1.3695,0.634,0.318,0.363,11
416,M,0.545,0.41,0.12,0.7929999999999999,0.434,0.1405,0.19,9
417,M,0.49,0.385,0.125,0.609,0.3065,0.096,0.1775,8
418,F,0.635,0.505,0.155,1.2895,0.594,0.314,0.345,11
419,F,0.66,0.53,0.18,1.5175,0.7765,0.302,0.401,10
420,M,0.58,0.47,0.165,0.927,0.3215,0.1985,0.315,11
421,M,0.575,0.455,0.135,0.907,0.4245,0.19699999999999998,0.26,9
422,M,0.67,0.52,0.165,1.39,0.711,0.2865,0.3,11
423,I,0.33,0.205,0.095,0.1595,0.077,0.032,0.0435,5
424,I,0.425,0.34,0.1,0.371,0.15,0.0865,0.115,8
425,F,0.675,0.525,0.17,1.8095,0.784,0.391,0.455,12
426,F,0.54,0.435,0.175,0.892,0.322,0.174,0.335,13
427,I,0.52,0.395,0.125,0.5805,0.2445,0.146,0.165,9
428,I,0.39,0.3,0.095,0.3265,0.1665,0.0575,0.08900000000000001,7
429,I,0.52,0.4,0.14,0.622,0.278,0.1455,0.16899999999999998,8
430,I,0.29,0.225,0.07,0.10099999999999999,0.036000000000000004,0.0235,0.035,8
431,M,0.6,0.47,0.155,1.036,0.4375,0.196,0.325,20
432,M,0.535,0.435,0.15,0.7170000000000001,0.3475,0.1445,0.19399999999999998,9
433,M,0.47,0.37,0.105,0.4665,0.2025,0.1015,0.155,10
434,M,0.61,0.49,0.15,1.103,0.425,0.2025,0.36,23
435,I,0.485,0.345,0.16,0.8690000000000001,0.3085,0.185,0.319,9
436,M,0.57,0.455,0.15,0.9520000000000001,0.3895,0.2155,0.2745,9
437,M,0.6,0.465,0.2,1.2590000000000001,0.6405,0.1985,0.35700000000000004,9
438,F,0.7,0.525,0.19,1.6465,0.8545,0.307,0.3995,9
439,M,0.655,0.49,0.175,1.3585,0.6395,0.294,0.365,10
440,M,0.59,0.445,0.14,0.9309999999999999,0.35600000000000004,0.23399999999999999,0.28,12
441,F,0.52,0.415,0.145,0.8045,0.3325,0.1725,0.285,10
442,M,0.66,0.535,0.2,1.791,0.733,0.318,0.54,15
443,M,0.455,0.355,0.13,0.515,0.2,0.1275,0.175,11
444,M,0.635,0.48,0.19,1.4669999999999999,0.5825,0.303,0.42,15
445,I,0.55,0.44,0.165,0.8605,0.312,0.16899999999999998,0.3,17
446,I,0.605,0.47,0.14,0.9390000000000001,0.3385,0.201,0.32,13
447,I,0.385,0.28,0.085,0.2175,0.09699999999999999,0.038,0.067,8
448,F,0.66,0.53,0.17,1.431,0.622,0.309,0.39799999999999996,10
449,I,0.635,0.5,0.165,1.489,0.715,0.3445,0.3615,13
450,I,0.255,0.185,0.06,0.08800000000000001,0.0365,0.021,0.023,5
451,I,0.515,0.39,0.14,0.5555,0.2,0.1135,0.2235,12
452,I,0.375,0.3,0.075,0.14400000000000002,0.059000000000000004,0.03,0.044000000000000004,7
453,I,0.59,0.46,0.145,0.9015,0.419,0.1785,0.26,11
454,M,0.62,0.495,0.18,1.2555,0.5765,0.254,0.355,12
455,I,0.425,0.315,0.095,0.3675,0.1865,0.0675,0.0985,7
456,I,0.565,0.43,0.135,0.8545,0.321,0.1775,0.275,11
457,M,0.505,0.405,0.11,0.625,0.305,0.16,0.175,9
458,F,0.625,0.47,0.145,0.9840000000000001,0.475,0.2,0.265,11
459,F,0.62,0.52,0.225,1.1835,0.37799999999999995,0.27,0.395,23
460,F,0.585,0.475,0.185,0.9585,0.4145,0.1615,0.33,11
461,I,0.25,0.185,0.065,0.0685,0.0295,0.013999999999999999,0.0225,5
462,I,0.395,0.31,0.085,0.317,0.153,0.0505,0.0935,7
463,M,0.735,0.57,0.21,2.2355,1.1705,0.46299999999999997,0.5315,10
464,F,0.625,0.515,0.155,1.1635,0.4875,0.259,0.355,11
465,M,0.335,0.235,0.085,0.1545,0.066,0.0345,0.045,6
466,M,0.57,0.42,0.14,0.8745,0.41600000000000004,0.165,0.25,8
467,I,0.325,0.24,0.075,0.152,0.065,0.0305,0.045,6
468,I,0.295,0.21,0.08,0.1,0.038,0.026000000000000002,0.031,8
469,M,0.63,0.485,0.165,1.2329999999999999,0.6565,0.2315,0.3035,10
470,I,0.475,0.35,0.11,0.4565,0.20600000000000002,0.099,0.13,6
471,M,0.39,0.28,0.125,0.564,0.3035,0.0955,0.14300000000000002,7
472,I,0.52,0.41,0.12,0.595,0.2385,0.111,0.19,8
473,M,0.485,0.39,0.135,0.617,0.25,0.1345,0.1635,8
474,M,0.41,0.315,0.095,0.306,0.121,0.0735,0.09,9
475,M,0.51,0.415,0.145,0.7509999999999999,0.3295,0.1835,0.203,8
476,M,0.58,0.45,0.155,0.8275,0.321,0.1975,0.2445,8
477,F,0.45,0.38,0.165,0.8165,0.25,0.1915,0.265,23
478,F,0.545,0.415,0.15,0.7335,0.2795,0.163,0.2185,11
479,I,0.445,0.345,0.13,0.4075,0.1365,0.0645,0.18,11
480,I,0.425,0.315,0.1,0.377,0.1645,0.07200000000000001,0.105,6
481,F,0.575,0.45,0.12,0.9585,0.447,0.16899999999999998,0.275,12
482,M,0.55,0.44,0.16,0.991,0.348,0.168,0.375,20
483,M,0.615,0.505,0.165,1.34,0.5315,0.2815,0.41,12
484,M,0.615,0.47,0.15,1.0875,0.4975,0.28300000000000003,0.2685,9
485,F,0.62,0.5,0.17,1.148,0.5475,0.22,0.3315,10
486,M,0.52,0.465,0.15,0.9505,0.456,0.19899999999999998,0.255,8
487,M,0.59,0.46,0.145,0.929,0.38,0.24,0.255,10
488,F,0.595,0.465,0.15,0.98,0.4115,0.196,0.2255,10
489,M,0.59,0.455,0.16,1.09,0.5,0.2215,0.292,9
490,F,0.67,0.53,0.205,1.4015,0.643,0.2465,0.41600000000000004,12
491,I,0.495,0.375,0.115,0.507,0.24100000000000002,0.10300000000000001,0.15,8
492,F,0.635,0.49,0.155,1.145,0.4775,0.3035,0.3155,9
493,M,0.62,0.475,0.185,1.325,0.6045,0.325,0.33,13
494,F,0.63,0.48,0.165,1.2615,0.5505,0.27699999999999997,0.3885,10
495,M,0.695,0.55,0.215,1.9565,0.7125,0.541,0.59,14
496,I,0.595,0.475,0.155,0.9840000000000001,0.4865,0.184,0.2755,10
497,M,0.46,0.365,0.125,0.467,0.1895,0.0945,0.158,10
498,F,0.425,0.335,0.095,0.322,0.1205,0.061,0.125,10
499,F,0.54,0.42,0.14,0.805,0.369,0.1725,0.21,11
500,I,0.435,0.355,0.125,0.4075,0.1535,0.07400000000000001,0.165,9
501,M,0.48,0.36,0.1,0.439,0.19399999999999998,0.099,0.115,8
502,M,0.58,0.455,0.195,1.859,0.945,0.426,0.441,9
503,M,0.595,0.48,0.165,1.262,0.4835,0.28300000000000003,0.41,17
504,I,0.475,0.335,0.1,0.4425,0.1895,0.086,0.135,9
505,M,0.575,0.44,0.16,0.9615,0.483,0.166,0.275,13
506,M,0.5,0.38,0.125,0.5770000000000001,0.26899999999999996,0.1265,0.1535,9
507,I,0.395,0.29,0.095,0.319,0.138,0.08,0.08199999999999999,7
508,F,0.615,0.48,0.165,1.1615,0.513,0.301,0.305,10
509,F,0.52,0.4,0.125,0.6865,0.295,0.1715,0.185,9
510,I,0.42,0.32,0.11,0.3625,0.174,0.0635,0.105,7
511,F,0.625,0.525,0.195,1.3519999999999999,0.4505,0.2445,0.53,13
512,M,0.505,0.44,0.14,0.8275,0.3415,0.1855,0.239,8
513,I,0.335,0.25,0.08,0.16699999999999998,0.0675,0.0325,0.0575,6
514,M,0.565,0.45,0.155,1.0595,0.4735,0.24,0.265,10
515,M,0.63,0.47,0.145,1.1005,0.52,0.26,0.276,9
516,M,0.48,0.375,0.12,0.5895,0.2535,0.128,0.172,11
517,F,0.58,0.475,0.135,0.925,0.391,0.165,0.275,14
518,M,0.46,0.375,0.135,0.4935,0.18600000000000003,0.0845,0.17,12
519,I,0.4,0.3,0.11,0.2985,0.1375,0.071,0.075,6
520,I,0.14,0.105,0.035,0.0145,0.005,0.0035,0.005,4
521,I,0.5,0.365,0.125,0.528,0.22899999999999998,0.10300000000000001,0.1645,9
522,M,0.385,0.255,0.1,0.3175,0.13699999999999998,0.068,0.092,8
523,F,0.46,0.33,0.15,0.5325,0.2085,0.1805,0.125,10
524,M,0.67,0.5,0.19,1.5190000000000001,0.616,0.38799999999999996,0.415,10
525,M,0.695,0.545,0.185,1.5715,0.6645,0.3835,0.4505,13
526,I,0.385,0.3,0.1,0.2895,0.1215,0.063,0.09,7
527,M,0.6,0.475,0.19,1.0875,0.40299999999999997,0.2655,0.325,14
528,M,0.67,0.54,0.195,1.217,0.532,0.2735,0.3315,11
529,F,0.56,0.45,0.16,1.0235,0.429,0.268,0.3,10
530,I,0.54,0.415,0.135,0.7090000000000001,0.3195,0.174,0.185,9
531,M,0.425,0.325,0.095,0.3785,0.1705,0.08,0.1,7
532,F,0.545,0.385,0.15,1.1185,0.5425,0.2445,0.2845,9
533,F,0.6,0.45,0.14,0.8690000000000001,0.3425,0.195,0.29100000000000004,11
534,M,0.59,0.44,0.15,0.9555,0.366,0.2425,0.295,11
535,M,0.65,0.525,0.19,1.4995,0.6265,0.4005,0.395,14
536,I,0.405,0.305,0.1,0.271,0.0965,0.061,0.091,7
537,F,0.59,0.455,0.145,1.063,0.5155,0.2445,0.25,8
538,M,0.32,0.245,0.075,0.1555,0.0585,0.038,0.049,11
539,I,0.395,0.305,0.105,0.284,0.1135,0.0595,0.0945,8
540,F,0.54,0.42,0.145,0.8655,0.4315,0.163,0.2175,10
541,F,0.53,0.41,0.145,0.8255,0.375,0.204,0.245,9
542,M,0.635,0.51,0.185,1.308,0.544,0.318,0.377,8
543,I,0.41,0.3,0.09,0.304,0.129,0.071,0.0955,8
544,I,0.16,0.11,0.025,0.018000000000000002,0.0065,0.0055,0.005,3
545,M,0.65,0.525,0.19,1.6125,0.777,0.3685,0.3965,11
546,F,0.445,0.33,0.105,0.4525,0.18,0.10300000000000001,0.12300000000000001,9
547,F,0.71,0.54,0.205,1.5805,0.802,0.287,0.435,10
548,F,0.72,0.525,0.18,1.445,0.631,0.3215,0.435,7
549,I,0.335,0.245,0.09,0.2015,0.096,0.0405,0.048,7
550,M,0.615,0.5,0.17,1.054,0.4845,0.228,0.295,10
551,F,0.735,0.565,0.225,2.037,0.87,0.5145,0.5675,13
552,I,0.465,0.37,0.115,0.534,0.261,0.098,0.14300000000000002,7
553,M,0.54,0.41,0.145,0.9890000000000001,0.2815,0.213,0.355,19
554,F,0.475,0.375,0.125,0.588,0.237,0.1715,0.155,10
555,I,0.25,0.18,0.06,0.073,0.027999999999999997,0.017,0.0225,5
556,M,0.735,0.59,0.215,1.7469999999999999,0.7275,0.40299999999999997,0.557,11
557,F,0.585,0.46,0.15,1.0035,0.503,0.2105,0.2515,11
558,M,0.55,0.44,0.135,0.879,0.368,0.2095,0.265,10
559,F,0.655,0.46,0.16,1.494,0.6895,0.331,0.1825,9
560,I,0.345,0.285,0.1,0.2225,0.0865,0.057999999999999996,0.075,8
561,M,0.38,0.3,0.1,0.2505,0.106,0.0535,0.0775,8
562,F,0.63,0.485,0.19,1.2435,0.4635,0.3055,0.39,21
563,M,0.61,0.48,0.17,1.137,0.4565,0.29,0.34700000000000003,10
564,M,0.32,0.24,0.08,0.18,0.08,0.0385,0.055,6
565,M,0.635,0.515,0.165,1.229,0.5055,0.2975,0.3535,10
566,I,0.485,0.365,0.105,0.5205,0.195,0.12300000000000001,0.182,8
567,F,0.545,0.43,0.16,0.8440000000000001,0.3945,0.1855,0.231,9
568,I,0.365,0.275,0.085,0.223,0.098,0.0375,0.075,7
569,F,0.505,0.41,0.15,0.644,0.285,0.145,0.21,11
570,F,0.55,0.45,0.15,0.875,0.36200000000000004,0.1755,0.2765,10
571,F,0.48,0.39,0.125,0.6905,0.21899999999999997,0.155,0.2,12
572,F,0.655,0.51,0.16,1.092,0.396,0.2825,0.37,14
573,F,0.645,0.52,0.18,1.285,0.5775,0.35200000000000004,0.317,9
574,M,0.465,0.34,0.105,0.486,0.231,0.1035,0.1225,9
575,I,0.165,0.12,0.05,0.021,0.0075,0.0045,0.013999999999999999,3
576,M,0.64,0.51,0.17,1.3715,0.5670000000000001,0.307,0.409,10
577,M,0.45,0.355,0.12,0.3955,0.147,0.0765,0.145,9
578,I,0.42,0.31,0.1,0.2865,0.115,0.0735,0.085,8
579,I,0.725,0.55,0.22,2.0495,0.7735,0.4405,0.655,10
580,I,0.36,0.275,0.095,0.217,0.084,0.0435,0.09,7
581,M,0.475,0.375,0.12,0.563,0.2525,0.1205,0.185,10
582,F,0.625,0.495,0.165,1.262,0.507,0.318,0.39,10
583,F,0.625,0.49,0.165,1.127,0.47700000000000004,0.2365,0.3185,9
584,F,0.705,0.555,0.2,1.4685,0.4715,0.3235,0.52,19
585,M,0.62,0.485,0.155,1.0295,0.425,0.2315,0.335,12
586,F,0.635,0.49,0.175,1.2435,0.5805,0.313,0.305,10
587,F,0.69,0.54,0.185,1.5715,0.6935,0.318,0.47,15
588,F,0.515,0.425,0.14,0.7659999999999999,0.304,0.1725,0.255,14
589,M,0.65,0.525,0.185,1.3455,0.586,0.278,0.3865,9
590,M,0.56,0.44,0.16,1.1115,0.5035,0.2785,0.26,10
591,F,0.495,0.385,0.135,0.6625,0.3005,0.1635,0.185,11
592,I,0.425,0.3,0.095,0.3515,0.141,0.0775,0.12,8
593,M,0.77,0.6,0.215,2.1945,1.0515,0.48200000000000004,0.584,10
594,I,0.2,0.145,0.025,0.0345,0.011000000000000001,0.0075,0.01,5
595,I,0.57,0.445,0.145,0.7405,0.306,0.172,0.1825,12
596,I,0.28,0.21,0.085,0.1065,0.039,0.0295,0.03,4
597,I,0.435,0.34,0.12,0.396,0.1775,0.081,0.125,8
598,M,0.455,0.365,0.095,0.514,0.2245,0.10099999999999999,0.15,15
599,M,0.58,0.465,0.145,0.887,0.4405,0.1655,0.265,11
600,I,0.355,0.275,0.09,0.251,0.09699999999999999,0.053,0.08,7
601,M,0.345,0.255,0.08,0.16899999999999998,0.06,0.0425,0.054000000000000006,10
602,I,0.41,0.335,0.11,0.33,0.157,0.0705,0.17,7
603,M,0.515,0.395,0.135,1.0070000000000001,0.47200000000000003,0.2495,0.252,8
604,I,0.42,0.32,0.11,0.309,0.115,0.0645,0.0945,6
605,M,0.64,0.515,0.165,1.369,0.632,0.3415,0.358,10
606,M,0.615,0.45,0.15,1.198,0.7070000000000001,0.2095,0.2505,7
607,M,0.695,0.57,0.2,2.033,0.7509999999999999,0.4255,0.685,15
608,I,0.57,0.435,0.17,0.848,0.4,0.166,0.25,9
609,M,0.525,0.41,0.165,0.8005,0.2635,0.1985,0.25,13
610,M,0.55,0.425,0.15,0.8315,0.41100000000000003,0.1765,0.2165,10
611,I,0.225,0.17,0.07,0.0565,0.024,0.013000000000000001,0.016,4
612,F,0.595,0.475,0.165,1.148,0.444,0.214,0.37,10
613,M,0.33,0.255,0.095,0.1875,0.0735,0.045,0.06,7
614,M,0.75,0.595,0.205,2.2205,1.083,0.42100000000000004,0.63,12
615,M,0.63,0.495,0.16,1.093,0.49700000000000005,0.221,0.315,12
616,I,0.37,0.275,0.095,0.257,0.1015,0.055,0.0825,6
617,I,0.34,0.25,0.075,0.1785,0.0665,0.0455,0.045,5
618,I,0.515,0.395,0.125,0.556,0.2695,0.096,0.17,8
619,I,0.415,0.31,0.095,0.311,0.1125,0.0625,0.115,8
620,M,0.5,0.4,0.145,0.6025,0.21600000000000003,0.138,0.21,11
621,M,0.57,0.445,0.15,0.9875,0.504,0.207,0.249,8
622,I,0.46,0.345,0.105,0.415,0.187,0.087,0.11,8
623,I,0.54,0.415,0.11,0.619,0.2755,0.15,0.1765,10
624,I,0.46,0.35,0.12,0.4885,0.193,0.105,0.155,11
625,I,0.235,0.175,0.08,0.0645,0.0215,0.0175,0.0215,5
626,I,0.365,0.27,0.085,0.205,0.078,0.0485,0.07,7
627,F,0.555,0.455,0.18,0.958,0.29600000000000004,0.195,0.39,14
628,M,0.33,0.215,0.075,0.1145,0.045,0.0265,0.035,6
629,M,0.52,0.38,0.135,0.5825,0.2505,0.1565,0.175,8
630,I,0.525,0.4,0.14,0.6955,0.2405,0.16,0.253,10
631,M,0.495,0.38,0.12,0.474,0.19699999999999998,0.1065,0.1545,10
632,M,0.465,0.375,0.11,0.5,0.21,0.113,0.1505,8
633,F,0.655,0.455,0.17,1.2895,0.5870000000000001,0.3165,0.3415,11
634,M,0.445,0.32,0.12,0.414,0.19899999999999998,0.09,0.11699999999999999,7
635,I,0.275,0.2,0.055,0.0925,0.038,0.021,0.026000000000000002,4
636,I,0.475,0.36,0.11,0.4555,0.177,0.0965,0.145,9
637,I,0.62,0.475,0.16,0.907,0.371,0.16699999999999998,0.3075,11
638,I,0.465,0.375,0.12,0.47100000000000003,0.222,0.11900000000000001,0.14,9
639,F,0.59,0.455,0.155,1.0659999999999998,0.382,0.2275,0.415,20
640,M,0.595,0.46,0.155,1.03,0.4275,0.207,0.3305,10
641,I,0.42,0.33,0.1,0.35200000000000004,0.1635,0.08900000000000001,0.1,9
642,F,0.6,0.475,0.155,1.21,0.653,0.1695,0.3205,10
643,F,0.62,0.48,0.18,1.2215,0.5820000000000001,0.2695,0.313,12
644,F,0.605,0.495,0.19,1.4369999999999998,0.469,0.2655,0.41,15
645,I,0.525,0.405,0.15,0.795,0.3075,0.205,0.255,14
646,F,0.66,0.535,0.175,1.5175,0.711,0.3125,0.415,12
647,I,0.29,0.215,0.065,0.0985,0.0425,0.021,0.031,5
648,M,0.625,0.505,0.175,1.131,0.5425,0.2265,0.32299999999999995,8
649,M,0.505,0.385,0.11,0.655,0.3185,0.15,0.185,9
650,M,0.625,0.485,0.17,1.4369999999999998,0.5855,0.293,0.475,11
651,F,0.525,0.415,0.15,0.7155,0.2355,0.171,0.27,13
652,F,0.56,0.425,0.125,0.932,0.361,0.213,0.335,9
653,F,0.515,0.4,0.115,0.578,0.191,0.1445,0.17,9
654,F,0.54,0.475,0.155,1.217,0.5305,0.3075,0.34,16
655,M,0.615,0.475,0.17,1.1825,0.474,0.2895,0.24,11
656,F,0.675,0.535,0.185,1.5575,0.7035,0.402,0.4,11
657,M,0.615,0.495,0.2,1.304,0.5795,0.3115,0.371,14
658,M,0.725,0.57,0.19,2.55,1.0705,0.483,0.725,14
659,F,0.575,0.465,0.175,1.099,0.4735,0.20199999999999999,0.35,9
660,F,0.58,0.455,0.16,0.9215,0.312,0.196,0.3,17
661,F,0.71,0.5,0.15,1.3165,0.6835,0.2815,0.28,10
662,I,0.48,0.38,0.125,0.6245,0.3395,0.1085,0.1665,8
663,F,0.62,0.485,0.175,1.2155,0.545,0.253,0.345,10
664,I,0.475,0.35,0.115,0.498,0.2375,0.099,0.14,7
665,I,0.4,0.305,0.1,0.3415,0.17600000000000002,0.0625,0.0865,7
666,I,0.36,0.27,0.085,0.196,0.0875,0.035,0.064,4
667,I,0.57,0.45,0.135,0.794,0.3815,0.1415,0.245,8
668,I,0.42,0.32,0.115,0.409,0.2055,0.0935,0.105,8
669,M,0.625,0.49,0.165,1.1165,0.4895,0.2615,0.3325,11
670,M,0.62,0.495,0.175,1.806,0.643,0.3285,0.725,17
671,M,0.48,0.37,0.135,0.6315,0.3445,0.1015,0.161,7
672,F,0.645,0.505,0.165,1.4325,0.684,0.308,0.336,8
673,F,0.5,0.395,0.15,0.7145,0.3235,0.17300000000000001,0.195,9
674,M,0.425,0.33,0.13,0.4405,0.152,0.0935,0.155,9
675,I,0.39,0.31,0.105,0.2665,0.1185,0.0525,0.081,8
676,F,0.59,0.415,0.15,0.8805,0.3645,0.23399999999999999,0.235,11
677,F,0.56,0.435,0.125,0.8775,0.3345,0.2145,0.29,13
678,M,0.235,0.16,0.06,0.0545,0.0265,0.0095,0.015,4
679,F,0.53,0.44,0.135,0.7835,0.313,0.1715,0.2185,9
680,I,0.405,0.305,0.1,0.268,0.1145,0.053,0.085,7
681,F,0.64,0.5,0.165,1.1635,0.5539999999999999,0.239,0.32,11
682,I,0.31,0.235,0.07,0.151,0.063,0.0405,0.045,6
683,M,0.7,0.525,0.175,1.7585,0.8745,0.3615,0.47,10
684,F,0.605,0.475,0.175,1.0759999999999998,0.46299999999999997,0.2195,0.335,9
685,I,0.355,0.28,0.085,0.2905,0.095,0.0395,0.115,7
686,F,0.52,0.41,0.155,0.727,0.29100000000000004,0.1835,0.235,12
687,M,0.62,0.48,0.155,1.2555,0.527,0.374,0.3175,11
688,I,0.36,0.27,0.085,0.196,0.0905,0.034,0.053,7
689,F,0.74,0.565,0.205,2.119,0.9655,0.5185,0.48200000000000004,12
690,I,0.595,0.46,0.15,0.8335,0.377,0.1925,0.235,8
691,M,0.575,0.45,0.185,0.925,0.342,0.19699999999999998,0.35,12
692,F,0.375,0.29,0.115,0.2705,0.09300000000000001,0.066,0.0885,10
693,I,0.2,0.145,0.06,0.037000000000000005,0.0125,0.0095,0.011000000000000001,4
694,M,0.66,0.51,0.175,1.218,0.5055,0.303,0.37,11
695,F,0.7,0.545,0.13,1.556,0.6725,0.374,0.195,12
696,I,0.21,0.17,0.045,0.0475,0.019,0.011000000000000001,0.013000000000000001,5
697,F,0.65,0.52,0.195,1.281,0.5985,0.24600000000000002,0.3825,10
698,F,0.635,0.485,0.19,1.3765,0.634,0.2885,0.406,11
699,I,0.55,0.42,0.135,0.816,0.3995,0.1485,0.23,12
700,M,0.49,0.395,0.14,0.5489999999999999,0.2215,0.1275,0.15,11
701,I,0.565,0.46,0.155,0.8715,0.3755,0.215,0.25,10
702,I,0.415,0.325,0.1,0.3335,0.1445,0.0715,0.095,7
703,I,0.285,0.215,0.07,0.1075,0.051,0.0225,0.027000000000000003,6
704,F,0.585,0.455,0.13,0.8755,0.41100000000000003,0.2065,0.225,8
705,I,0.585,0.47,0.17,0.985,0.3695,0.2395,0.315,10
706,I,0.275,0.2,0.065,0.092,0.0385,0.0235,0.027000000000000003,5
707,F,0.48,0.38,0.135,0.507,0.1915,0.1365,0.155,12
708,F,0.435,0.35,0.125,0.45899999999999996,0.19699999999999998,0.1145,0.145,9
709,I,0.4,0.315,0.09,0.33,0.151,0.068,0.08,6
710,I,0.45,0.355,0.11,0.4585,0.19399999999999998,0.067,0.14,8
711,M,0.635,0.51,0.17,1.3555,0.619,0.305,0.39,9
712,M,0.625,0.48,0.175,1.065,0.4865,0.259,0.285,10
713,F,0.64,0.475,0.19,1.151,0.4365,0.281,0.3805,13
714,M,0.63,0.51,0.17,1.1885,0.4915,0.3065,0.348,7
715,F,0.705,0.55,0.2,1.7095,0.633,0.4115,0.49,13
716,M,0.59,0.47,0.16,1.206,0.479,0.2425,0.309,8
717,I,0.415,0.305,0.12,0.336,0.165,0.076,0.0805,7
718,M,0.49,0.38,0.14,0.6385,0.2305,0.142,0.195,13
719,I,0.41,0.305,0.1,0.2645,0.1,0.0655,0.085,7
720,I,0.55,0.445,0.11,0.7935,0.37799999999999995,0.142,0.26,10
721,F,0.555,0.44,0.14,0.846,0.34600000000000003,0.1715,0.2735,10
722,M,0.52,0.39,0.12,0.6435,0.2885,0.157,0.161,7
723,I,0.315,0.235,0.07,0.149,0.057999999999999996,0.0325,0.047,7
724,I,0.58,0.44,0.145,0.7905,0.3525,0.1645,0.242,10
725,I,0.375,0.28,0.08,0.2025,0.0825,0.048,0.065,8
726,F,0.465,0.35,0.115,0.42100000000000004,0.1565,0.091,0.1345,9
727,I,0.295,0.22,0.065,0.1295,0.052000000000000005,0.027999999999999997,0.035,6
728,F,0.505,0.4,0.165,0.7290000000000001,0.2675,0.155,0.25,9
729,I,0.5,0.37,0.115,0.5745,0.306,0.11199999999999999,0.141,7
730,I,0.55,0.415,0.145,0.7815,0.373,0.16,0.2215,8
731,I,0.37,0.28,0.09,0.2565,0.1255,0.0645,0.0645,6
732,F,0.61,0.47,0.16,1.0745,0.4925,0.23600000000000002,0.29,8
733,M,0.59,0.5,0.15,1.1420000000000001,0.485,0.265,0.345,9
734,M,0.64,0.49,0.14,1.194,0.4445,0.23800000000000002,0.375,15
735,M,0.735,0.57,0.175,1.88,0.9095,0.387,0.488,11
736,M,0.665,0.535,0.155,1.383,0.596,0.2565,0.485,14
737,I,0.48,0.39,0.145,0.5825,0.2315,0.121,0.255,15
738,M,0.495,0.395,0.125,0.5415,0.2375,0.1345,0.155,9
739,I,0.405,0.3,0.12,0.324,0.1265,0.07,0.11,7
740,F,0.53,0.405,0.15,0.889,0.4055,0.2275,0.215,8
741,I,0.53,0.4,0.125,0.617,0.27899999999999997,0.127,0.19,8
742,F,0.655,0.515,0.2,1.494,0.7255,0.309,0.405,12
743,I,0.45,0.345,0.135,0.44299999999999995,0.1975,0.0875,0.1175,14
744,M,0.65,0.495,0.16,1.304,0.57,0.312,0.3725,9
745,I,0.52,0.405,0.14,0.5775,0.2,0.145,0.179,11
746,M,0.59,0.465,0.165,1.115,0.5165,0.273,0.275,10
747,F,0.645,0.52,0.19,1.3105,0.58,0.28800000000000003,0.37,12
748,F,0.55,0.47,0.15,0.9205,0.381,0.2435,0.2675,10
749,I,0.315,0.245,0.085,0.1435,0.053,0.0475,0.05,8
750,F,0.485,0.4,0.155,0.731,0.23600000000000002,0.183,0.255,11
751,M,0.57,0.43,0.12,1.0615,0.348,0.16699999999999998,0.31,15
752,F,0.575,0.445,0.135,0.883,0.381,0.2035,0.26,11
753,M,0.71,0.57,0.195,1.348,0.8985,0.4435,0.4535,11
754,I,0.215,0.15,0.03,0.0385,0.0115,0.005,0.01,5
755,F,0.675,0.53,0.175,1.4465,0.6775,0.33,0.389,10
756,F,0.595,0.46,0.14,1.0045,0.4655,0.2095,0.2515,9
757,I,0.28,0.2,0.065,0.0895,0.036000000000000004,0.0185,0.03,7
758,M,0.525,0.395,0.165,0.782,0.285,0.1405,0.285,19
759,M,0.345,0.255,0.09,0.2005,0.094,0.0295,0.063,9
760,F,0.47,0.36,0.11,0.4965,0.237,0.127,0.13,6
761,M,0.735,0.555,0.22,2.333,1.2395,0.3645,0.6195,12
762,I,0.195,0.15,0.045,0.0375,0.018000000000000002,0.006,0.011000000000000001,3
763,F,0.645,0.535,0.19,1.2395,0.46799999999999997,0.2385,0.424,10
764,M,0.715,0.55,0.175,1.825,0.938,0.3805,0.44,11
765,I,0.625,0.485,0.16,1.15,0.5255,0.257,0.3315,11
766,F,0.625,0.475,0.16,1.3335,0.605,0.2875,0.319,10
767,M,0.645,0.51,0.155,1.5390000000000001,0.6405,0.3585,0.43,11
768,M,0.645,0.51,0.19,1.4745,0.605,0.345,0.48,9
769,F,0.655,0.52,0.175,1.472,0.6275,0.27,0.45,13
770,M,0.62,0.45,0.2,0.858,0.4285,0.1525,0.2405,8
771,F,0.62,0.505,0.16,1.3725,0.6285,0.275,0.3685,11
772,M,0.45,0.36,0.16,0.5670000000000001,0.174,0.1245,0.225,12
773,I,0.475,0.36,0.11,0.49200000000000005,0.21100000000000002,0.11,0.15,8
774,M,0.675,0.525,0.185,1.587,0.6935,0.336,0.395,13
775,M,0.63,0.485,0.155,1.278,0.637,0.275,0.31,8
776,M,0.66,0.51,0.165,1.6375,0.7685,0.3545,0.3925,14
777,M,0.63,0.49,0.16,1.09,0.40700000000000003,0.22399999999999998,0.354,12
778,I,0.54,0.425,0.14,0.742,0.32,0.1395,0.25,9
779,I,0.385,0.29,0.08,0.2485,0.122,0.0495,0.065,7
780,I,0.4,0.32,0.095,0.348,0.19399999999999998,0.053,0.087,6
781,F,0.565,0.45,0.185,0.9285,0.302,0.1805,0.265,12
782,M,0.505,0.39,0.105,0.6555,0.2595,0.18,0.19,11
783,F,0.68,0.515,0.175,1.6185,0.5125,0.409,0.62,12
784,F,0.575,0.465,0.14,0.958,0.442,0.1815,0.2705,9
785,I,0.48,0.39,0.15,0.6275,0.276,0.134,0.185,13
786,I,0.33,0.25,0.105,0.1715,0.0655,0.035,0.06,7
787,I,0.525,0.4,0.125,0.5655,0.2435,0.11900000000000001,0.175,8
788,M,0.5,0.4,0.13,0.7715,0.37,0.16,0.21100000000000002,8
789,M,0.62,0.49,0.15,1.195,0.4605,0.302,0.355,9
790,M,0.63,0.47,0.15,1.1355,0.539,0.2325,0.3115,12
791,I,0.39,0.29,0.09,0.2745,0.135,0.0455,0.078,8
792,I,0.465,0.36,0.105,0.498,0.214,0.11599999999999999,0.14,15
793,I,0.635,0.48,0.2,1.3655,0.6255,0.2595,0.425,16
794,I,0.555,0.425,0.13,0.648,0.2835,0.133,0.2105,8
795,F,0.705,0.57,0.18,1.5345,0.96,0.4195,0.43,12
796,F,0.56,0.43,0.125,0.8025,0.313,0.1715,0.263,13
797,I,0.57,0.44,0.13,0.7665,0.34700000000000003,0.1785,0.20199999999999999,10
798,F,0.63,0.515,0.16,1.3359999999999999,0.5529999999999999,0.3205,0.35,11
799,F,0.54,0.42,0.13,0.7505,0.368,0.1675,0.1845,9
800,M,0.66,0.5,0.165,1.3195,0.667,0.26899999999999996,0.341,9
801,M,0.48,0.395,0.15,0.6815,0.2145,0.1405,0.2495,18
802,M,0.66,0.53,0.195,1.5505,0.6505,0.3295,0.495,10
803,F,0.7,0.55,0.17,1.6840000000000002,0.7535,0.3265,0.32,11
804,M,0.72,0.55,0.205,2.165,1.1055,0.525,0.40399999999999997,10
805,M,0.695,0.55,0.22,1.5515,0.5660000000000001,0.3835,0.445,13
806,F,0.61,0.485,0.165,1.0915,0.3935,0.2435,0.33,18
807,F,0.36,0.265,0.09,0.2165,0.096,0.037000000000000005,0.0735,10
808,F,0.565,0.45,0.165,0.9765,0.322,0.244,0.37,12
809,I,0.435,0.325,0.1,0.366,0.174,0.0725,0.109,7
810,F,0.62,0.5,0.175,1.146,0.47700000000000004,0.23,0.39,13
811,I,0.455,0.325,0.135,0.82,0.4005,0.1715,0.21100000000000002,8
812,I,0.405,0.3,0.085,0.3035,0.15,0.0505,0.08800000000000001,7
813,M,0.6,0.495,0.175,1.29,0.606,0.276,0.3445,11
814,I,0.325,0.24,0.075,0.1525,0.07200000000000001,0.0645,0.043,6
815,F,0.61,0.47,0.145,1.153,0.40299999999999997,0.29600000000000004,0.32,14
816,M,0.53,0.41,0.14,0.7545,0.3495,0.1715,0.2105,8
817,I,0.525,0.4,0.14,0.6055,0.2605,0.10800000000000001,0.21,9
818,I,0.51,0.38,0.115,0.5155,0.215,0.1135,0.166,8
819,M,0.345,0.265,0.09,0.163,0.0615,0.037000000000000005,0.0485,10
820,F,0.58,0.46,0.185,1.0170000000000001,0.3515,0.2,0.32,10
821,F,0.67,0.505,0.175,1.0145,0.4375,0.271,0.3745,10
822,I,0.425,0.33,0.115,0.3265,0.1315,0.077,0.10300000000000001,6
823,F,0.63,0.475,0.15,1.172,0.536,0.254,0.316,11
824,M,0.61,0.475,0.155,0.983,0.4565,0.228,0.266,10
825,M,0.69,0.55,0.2,1.8465,0.732,0.47200000000000003,0.57,19
826,I,0.475,0.36,0.145,0.6325,0.2825,0.13699999999999998,0.19,8
827,I,0.38,0.28,0.095,0.2885,0.165,0.0435,0.067,7
828,F,0.675,0.51,0.15,1.1965,0.475,0.304,0.386,11
829,I,0.44,0.345,0.12,0.365,0.1655,0.083,0.11,7
830,M,0.51,0.38,0.135,0.6809999999999999,0.3435,0.142,0.17,9
831,M,0.45,0.32,0.1,0.381,0.1705,0.075,0.115,9
832,M,0.5,0.405,0.155,0.772,0.34600000000000003,0.1535,0.245,12
833,I,0.435,0.345,0.12,0.3215,0.13,0.055999999999999994,0.1185,7
834,I,0.62,0.47,0.14,0.8565,0.3595,0.16,0.295,9
835,I,0.37,0.28,0.1,0.221,0.1165,0.0265,0.0635,6
836,M,0.6,0.45,0.145,0.877,0.4325,0.155,0.24,9
837,F,0.645,0.52,0.175,1.3345,0.667,0.2665,0.355,10
838,M,0.485,0.385,0.125,0.4775,0.2,0.0785,0.17,12
839,M,0.63,0.51,0.19,1.4985,0.4125,0.3075,0.545,16
840,I,0.435,0.34,0.115,0.3925,0.1825,0.078,0.1145,6
841,M,0.43,0.335,0.115,0.406,0.166,0.0935,0.135,8
842,M,0.69,0.55,0.195,1.777,0.769,0.38,0.4305,11
843,I,0.5,0.375,0.125,0.5695,0.259,0.124,0.157,7
844,M,0.475,0.36,0.14,0.5135,0.24100000000000002,0.1045,0.155,8
845,F,0.545,0.445,0.175,0.8525,0.3465,0.18899999999999997,0.295,13
846,M,0.585,0.46,0.15,1.206,0.581,0.21600000000000003,0.32299999999999995,10
847,F,0.63,0.475,0.15,1.072,0.433,0.2975,0.315,8
848,I,0.245,0.175,0.055,0.0785,0.04,0.018000000000000002,0.02,5
849,F,0.565,0.44,0.15,0.863,0.435,0.149,0.27,9
850,M,0.45,0.34,0.13,0.3715,0.1605,0.0795,0.105,9
851,M,0.67,0.525,0.17,1.4005,0.715,0.3025,0.387,9
852,I,0.535,0.455,0.14,1.0015,0.53,0.1765,0.244,9
853,I,0.375,0.29,0.14,0.3,0.14,0.0625,0.0825,8
854,F,0.615,0.475,0.145,0.9525,0.3915,0.195,0.32,9
855,M,0.51,0.4,0.13,0.6435,0.27,0.1665,0.205,12
856,F,0.605,0.47,0.16,1.0835,0.5405,0.2215,0.275,12
857,I,0.45,0.35,0.135,0.494,0.2205,0.0945,0.1405,7
858,M,0.505,0.385,0.105,0.5525,0.239,0.1245,0.1555,9
859,I,0.63,0.505,0.18,1.272,0.6025,0.295,0.315,11
860,M,0.6,0.475,0.175,1.3445,0.5489999999999999,0.2875,0.36,11
861,I,0.385,0.3,0.095,0.302,0.152,0.0615,0.0735,7
862,M,0.61,0.47,0.17,1.1185,0.5225,0.2405,0.31,9
863,F,0.605,0.495,0.17,1.2385,0.528,0.2465,0.39,14
864,M,0.42,0.335,0.115,0.369,0.171,0.071,0.12,8
865,M,0.54,0.42,0.12,0.8115,0.392,0.1455,0.2235,9
866,F,0.615,0.475,0.17,1.1025,0.4695,0.2355,0.345,14
867,F,0.5,0.4,0.15,0.8085,0.273,0.11199999999999999,0.295,13
868,M,0.655,0.515,0.2,1.3730000000000002,0.44299999999999995,0.3375,0.49,16
869,M,0.635,0.525,0.205,1.484,0.55,0.3115,0.43,20
870,F,0.565,0.48,0.175,0.9570000000000001,0.3885,0.215,0.275,18
871,I,0.475,0.36,0.11,0.452,0.191,0.099,0.13,8
872,I,0.46,0.355,0.11,0.436,0.1975,0.096,0.125,8
873,I,0.44,0.325,0.11,0.4965,0.258,0.1195,0.1075,8
874,M,0.485,0.39,0.085,0.6435,0.2945,0.10300000000000001,0.198,8
875,F,0.72,0.55,0.195,2.073,1.0715,0.4265,0.5015,9
876,I,0.235,0.16,0.04,0.048,0.0185,0.018000000000000002,0.015,5
877,I,0.55,0.43,0.145,0.7120000000000001,0.3025,0.152,0.225,10
878,F,0.6,0.48,0.17,1.056,0.4575,0.2435,0.3135,10
879,M,0.52,0.425,0.155,0.7735,0.297,0.12300000000000001,0.255,17
880,I,0.37,0.28,0.09,0.233,0.0905,0.0545,0.07,11
881,I,0.5,0.375,0.145,0.5795,0.239,0.1375,0.185,9
882,F,0.56,0.44,0.14,0.9285,0.3825,0.188,0.3,11
883,I,0.32,0.215,0.095,0.305,0.14,0.067,0.0885,6
884,M,0.63,0.48,0.185,1.21,0.53,0.2555,0.322,11
885,M,0.625,0.495,0.155,1.025,0.46,0.1945,0.34,9
886,M,0.61,0.475,0.15,1.1420000000000001,0.62,0.237,0.245,9
887,I,0.365,0.255,0.08,0.1985,0.0785,0.0345,0.053,5
888,M,0.57,0.445,0.16,1.0145,0.516,0.16399999999999998,0.3,10
889,I,0.47,0.4,0.16,0.51,0.1615,0.073,0.198,14
890,M,0.57,0.42,0.155,1.008,0.377,0.193,0.34,13
891,F,0.585,0.46,0.17,1.0835,0.3745,0.326,0.325,14
892,M,0.625,0.49,0.175,1.3325,0.5705,0.271,0.405,10
893,I,0.455,0.35,0.105,0.4445,0.213,0.107,0.1115,7
894,M,0.6,0.51,0.185,1.285,0.6095,0.2745,0.315,9
895,I,0.295,0.225,0.09,0.1105,0.0405,0.0245,0.032,7
896,F,0.67,0.51,0.155,1.278,0.5605,0.3045,0.358,11
897,I,0.21,0.15,0.05,0.042,0.0175,0.0125,0.015,4
898,F,0.645,0.5,0.155,1.2205,0.6145,0.23600000000000002,0.3185,10
899,M,0.47,0.375,0.13,0.5795,0.2145,0.16399999999999998,0.195,13
900,I,0.485,0.375,0.13,0.6025,0.2935,0.1285,0.16,7
901,F,0.56,0.465,0.16,1.0315,0.43200000000000005,0.2025,0.337,9
902,M,0.435,0.335,0.11,0.4385,0.2075,0.0715,0.1315,7
903,I,0.27,0.195,0.065,0.1065,0.0475,0.0225,0.0285,5
904,I,0.335,0.25,0.08,0.183,0.0735,0.04,0.0575,6
905,F,0.36,0.265,0.09,0.2065,0.078,0.057,0.06,8
906,F,0.57,0.445,0.145,0.8775,0.41200000000000003,0.217,0.22,8
907,I,0.43,0.32,0.11,0.3675,0.1675,0.102,0.105,8
908,I,0.515,0.35,0.105,0.4745,0.213,0.12300000000000001,0.1275,10
909,F,0.635,0.51,0.17,1.2235,0.532,0.271,0.354,9
910,I,0.535,0.4,0.135,0.775,0.368,0.20800000000000002,0.2055,8
911,M,0.555,0.425,0.15,0.873,0.4625,0.1845,0.1965,9
912,M,0.555,0.455,0.16,1.0575,0.3925,0.228,0.293,13
913,M,0.6,0.455,0.17,1.1915,0.696,0.2395,0.24,8
914,M,0.55,0.45,0.15,1.0145,0.40700000000000003,0.2015,0.2875,10
915,F,0.635,0.495,0.175,1.2355,0.5205,0.3085,0.34700000000000003,10
916,M,0.685,0.535,0.155,1.3845,0.6615,0.2145,0.4075,10
917,I,0.475,0.365,0.12,0.5185,0.268,0.1095,0.1365,8
918,M,0.61,0.48,0.15,1.2,0.56,0.2455,0.28,14
919,I,0.255,0.19,0.075,0.0865,0.0345,0.0205,0.025,5
920,M,0.41,0.325,0.12,0.3745,0.158,0.081,0.125,12
921,I,0.275,0.175,0.09,0.2315,0.096,0.057,0.0705,5
922,M,0.47,0.36,0.135,0.501,0.1665,0.115,0.165,10
923,I,0.445,0.33,0.11,0.358,0.1525,0.067,0.1185,8
924,F,0.6,0.47,0.19,1.1345,0.49200000000000005,0.2595,0.3375,10
925,F,0.525,0.425,0.14,0.8735,0.4205,0.182,0.2225,10
926,M,0.685,0.55,0.19,1.885,0.89,0.41,0.4895,10
927,F,0.555,0.43,0.135,0.812,0.4055,0.163,0.2215,9
928,M,0.61,0.48,0.14,1.031,0.4375,0.2615,0.27,8
929,F,0.62,0.495,0.17,1.062,0.37200000000000005,0.213,0.34,11
930,M,0.58,0.44,0.16,0.8295,0.3365,0.2005,0.2485,9
931,M,0.48,0.37,0.1,0.5135,0.243,0.1015,0.135,8
932,F,0.59,0.475,0.155,0.9715,0.371,0.235,0.28,11
933,M,0.535,0.435,0.15,0.725,0.26899999999999996,0.1385,0.25,9
934,F,0.49,0.37,0.14,0.585,0.243,0.115,0.195,10
935,M,0.53,0.435,0.155,0.6990000000000001,0.28800000000000003,0.1595,0.205,10
936,M,0.565,0.445,0.14,0.836,0.406,0.1605,0.2245,9
937,M,0.51,0.39,0.135,0.769,0.3935,0.1455,0.19,8
938,M,0.565,0.425,0.16,0.9425,0.3495,0.2185,0.275,17
939,F,0.72,0.575,0.17,1.9335,0.9129999999999999,0.389,0.51,13
940,M,0.65,0.51,0.175,1.155,0.4955,0.2025,0.385,12
941,F,0.68,0.58,0.2,1.787,0.585,0.45299999999999996,0.6,19
942,F,0.57,0.44,0.125,0.865,0.3675,0.1725,0.27,12
943,I,0.265,0.21,0.06,0.0965,0.0425,0.022000000000000002,0.03,5
944,M,0.545,0.44,0.12,0.8565,0.3475,0.1715,0.24,12
945,F,0.515,0.43,0.14,0.8340000000000001,0.36700000000000005,0.2,0.23,8
946,I,0.5,0.385,0.12,0.516,0.19699999999999998,0.1305,0.165,8
947,F,0.815,0.65,0.25,2.255,0.8905,0.42,0.7975,14
948,I,0.53,0.395,0.13,0.575,0.247,0.115,0.183,9
949,I,0.38,0.29,0.1,0.237,0.10800000000000001,0.0395,0.08199999999999999,6
950,I,0.57,0.445,0.155,0.867,0.3705,0.1705,0.28,9
951,M,0.71,0.555,0.195,1.9485,0.9455,0.3765,0.495,12
952,M,0.525,0.38,0.125,0.65,0.303,0.155,0.159,7
953,M,0.62,0.475,0.195,1.3585,0.5935,0.3365,0.3745,10
954,F,0.74,0.575,0.22,2.012,0.8915,0.5265,0.47100000000000003,12
955,I,0.445,0.31,0.09,0.336,0.1555,0.09,0.0855,7
956,M,0.555,0.43,0.165,0.7575,0.2735,0.1635,0.275,13
957,F,0.625,0.42,0.165,1.0595,0.358,0.165,0.445,21
958,I,0.49,0.375,0.115,0.557,0.2275,0.1335,0.1765,8
959,M,0.555,0.445,0.13,0.8625,0.4225,0.155,0.24,9
960,F,0.46,0.365,0.125,0.4785,0.20600000000000002,0.1045,0.141,8
961,I,0.565,0.465,0.15,1.1815,0.581,0.2215,0.3095,9
962,I,0.4,0.31,0.1,0.306,0.13,0.06,0.094,6
963,M,0.645,0.515,0.185,1.4605,0.5835,0.3155,0.41,19
964,F,0.57,0.465,0.18,0.9995,0.405,0.27699999999999997,0.295,16
965,M,0.665,0.505,0.16,1.2890000000000001,0.6145,0.253,0.3665,11
966,F,0.56,0.43,0.145,0.898,0.3895,0.2325,0.245,9
967,F,0.755,0.625,0.21,2.505,1.1965,0.513,0.6785,11
968,M,0.575,0.445,0.145,0.8759999999999999,0.3795,0.1615,0.27,10
969,M,0.66,0.505,0.19,1.4385,0.6775,0.285,0.17800000000000002,11
970,F,0.665,0.555,0.195,1.4385,0.581,0.354,0.36,17
971,I,0.275,0.195,0.09,0.1125,0.0545,0.0295,0.0355,6
972,F,0.605,0.48,0.15,1.079,0.4505,0.2835,0.293,10
973,I,0.35,0.28,0.075,0.196,0.08199999999999999,0.04,0.064,8
974,F,0.505,0.38,0.13,0.693,0.391,0.1195,0.1515,8
975,I,0.47,0.35,0.125,0.4315,0.19,0.1165,0.1175,6
976,M,0.625,0.5,0.18,1.3705,0.645,0.303,0.3705,12
977,I,0.67,0.485,0.175,1.2565,0.5355,0.322,0.386,9
978,M,0.65,0.515,0.175,1.4805,0.5295,0.272,0.525,20
979,F,0.555,0.42,0.14,0.868,0.33,0.243,0.21,13
980,I,0.385,0.28,0.09,0.228,0.1025,0.042,0.0655,5
981,F,0.74,0.6,0.195,1.974,0.598,0.4085,0.71,16
982,M,0.525,0.415,0.135,0.7945,0.39399999999999996,0.18899999999999997,0.20199999999999999,7
983,F,0.65,0.51,0.175,1.35,0.575,0.3155,0.3885,10
984,I,0.575,0.475,0.17,0.9670000000000001,0.3775,0.284,0.275,13
985,I,0.465,0.355,0.09,0.4325,0.2005,0.07400000000000001,0.1275,9
986,M,0.595,0.485,0.15,1.0835,0.5305,0.231,0.276,8
987,F,0.645,0.51,0.19,1.3630000000000002,0.573,0.36200000000000004,0.36,10
988,I,0.385,0.3,0.125,0.34299999999999997,0.1705,0.0735,0.081,7
989,F,0.585,0.475,0.185,0.8575,0.3465,0.1785,0.275,12
990,F,0.595,0.47,0.155,1.121,0.4515,0.17800000000000002,0.155,11
991,F,0.53,0.42,0.17,0.828,0.41,0.20800000000000002,0.1505,6
992,F,0.615,0.455,0.135,1.0590000000000002,0.4735,0.263,0.27399999999999997,9
993,I,0.555,0.43,0.14,0.7665,0.341,0.165,0.23,9
994,F,0.565,0.44,0.16,0.915,0.354,0.1935,0.32,12
995,F,0.715,0.585,0.23,2.0725,0.8655,0.4095,0.565,10
996,I,0.55,0.425,0.13,0.664,0.2695,0.163,0.21,8
997,F,0.45,0.36,0.11,0.447,0.203,0.08199999999999999,0.13,12
998,F,0.455,0.365,0.115,0.4305,0.184,0.10800000000000001,0.1245,8
999,M,0.64,0.525,0.18,1.3135,0.4865,0.2995,0.4075,10
